[
  {
    "prop_firm": "AlphaFutures Zero",
    "account_type": "funded",
    "account_size": 50000,
    "account_number": "Alpha_1",
    "current_balance": 50000.0,
    "purchase_cost": 89.0,
    "purchase_date": "2025-12-29",
    "account_style": "Standard",
    "notes": "",
    "status": "funded",
    "id": 1,
    "created_at": "2026-01-04T16:54:14.314105",
    "updated_at": "2026-01-04T16:54:14.314110"
  },
  {
    "prop_firm": "Apex",
    "account_type": "funded",
    "account_size": 50000,
    "account_number": "Apex_1",
    "current_balance": 51029.0,
    "purchase_cost": 109.6,
    "purchase_date": "2025-12-30",
    "account_style": "Standard",
    "notes": "",
    "status": "funded",
    "id": 2,
    "created_at": "2026-01-04T16:55:00.473251",
    "updated_at": "2026-01-04T16:55:00.473260"
  }
]