[
  {
    "name": "AlphaFutures Zero",
    "payout_schedule": "Weekly",
    "payout_split": 90,
    "min_payout": 200,
    "max_daily_loss": 2.0,
    "max_drawdown": 4.0,
    "notes": "",
    "id": 1,
    "created_at": "2026-01-04T16:53:13.583620"
  },
  {
    "name": "Apex",
    "payout_schedule": "Bi-Weekly",
    "payout_split": 100,
    "min_payout": 500,
    "max_daily_loss": 2.0,
    "max_drawdown": 4.0,
    "notes": "",
    "id": 2,
    "created_at": "2026-01-04T16:53:26.174224"
  }
]